{"FT_CC": 0.1269541031589519, "LP_BI": 0.12640946865514782, "FT_CC_b": 0.11868615284695348, "LP_BI_b": 0.10362660226511498, "FT_RA": 0.07883269443419123, "FT_RD": 0.06968169192933543, "FT_RA_b": 0.05293056902094074, "FT_CW": 0.03378409344658404, "FT_PD": 0.0290873112340755}