{"LP_BI": 0.15870560491634741, "LP_BI_b": 0.14757867625123805, "FT_RA": 0.1420749622081764, "FT_CC": 0.09496853601931926, "FT_CC_b": 0.08824065492010755, "FT_RA_b": 0.07099258362406634, "FT_RD": 0.057275220370245954, "FT_RD_b": 0.030793419908473098, "FT_CW": 0.020926330846021683}